u,v,w
716,860,0.003589719185024258
221,319,0.00364295425511292
205,686,0.004049992379518199
1003,1256,0.005359880246592542
368,1407,0.0055883517215981815
840,1368,0.005702608874204086
595,1304,0.006003915039528164
961,1097,0.00625504128344584
220,228,0.006324495555001244
20,869,0.006833809421705632
163,951,0.006916829164838827
227,1446,0.006922982345200961
288,1451,0.007204898986852249
620,1101,0.007660137880245256
578,813,0.008306438462993074
190,771,0.008311975714009438
481,1453,0.008632819204087955
335,417,0.008685117885922041
168,452,0.008731721391569575
109,1169,0.008934484509642777
811,1098,0.010554063647771485
724,1006,0.01060500087702961
515,601,0.010944773323374717
1106,1444,0.011796076199419631
636,840,0.011846255313648343
514,1167,0.012067142164539009
509,1006,0.01299727735409217
424,717,0.013986073249352216
549,954,0.014037126335751694
717,1013,0.014174043068193583
443,1080,0.014188226303755032
357,485,0.014612535746292976
612,1358,0.014761548459307697
397,913,0.015057286137733722
371,942,0.015069324774225224
954,1020,0.015207989641373224
1119,1278,0.015209179798160851
160,1101,0.015798960667714145
105,1139,0.015957378387987043
571,1000,0.016239891707550948
46,1166,0.016497584117219626
211,1471,0.016576594227878005
148,785,0.01705090036806216
496,539,0.01716690990902114
55,1308,0.017676914137095316
292,650,0.01799966368319456
930,1150,0.018017092082663982
842,1305,0.01813143726081624
34,787,0.018311530669466843
724,775,0.018492614171769152
223,892,0.01881305271304587
92,892,0.018871786764547902
924,1070,0.019248222201472737
785,1235,0.019755881054064544
730,948,0.019830820066848793
329,390,0.019870811311389007
383,1079,0.01994202395443326
13,870,0.019961840908315497
1096,1306,0.019981129346436376
901,1387,0.020664878801938055
943,1497,0.020735243632466014
516,1060,0.02074608481447901
1020,1499,0.020861616402168773
65,79,0.020892774165467712
537,1374,0.021024162369057475
85,315,0.021038497505636994
246,1307,0.021172675883614437
674,912,0.021210211339844704
34,594,0.02133702325836219
1364,1432,0.02143078314514924
1050,1249,0.021688264363489355
1082,1479,0.021873067358971307
588,911,0.021993113218726133
341,474,0.022004648663907497
447,1414,0.022082360587767077
175,1127,0.022316708403850066
417,1122,0.022357850957802836
182,469,0.022448908715067644
826,831,0.02245264684971706
122,214,0.02254470635569641
5,801,0.022578223537877102
557,779,0.02291141153361165
155,739,0.023039196494772422
1127,1206,0.023386235661820215
1296,1471,0.023434047460826373
110,710,0.024333060437577138
210,1005,0.02460904582463085
83,224,0.024659455076837842
989,1136,0.024929194507078114
612,1423,0.025137797990450926
446,902,0.025165086727950824
285,930,0.02564075332241524
844,1398,0.025751574259582476
1138,1218,0.025785981447916155
684,913,0.026188608538899327
226,1173,0.02625839913308934
730,1439,0.026578905194823258
609,963,0.026696877245542556
1089,1216,0.026745055637419617
1185,1486,0.026776228282666195
691,901,0.026790773402741982
911,1066,0.027010791344590078
570,1365,0.0272055946804904
226,246,0.027348822963097756
1079,1225,0.02779937381214939
46,1250,0.02808630064121781
661,1106,0.028136844612466138
620,1117,0.028267788845150476
356,1439,0.028292741771101814
116,1098,0.02830135831971833
533,1173,0.028560381253146708
553,1315,0.02874734710107365
623,1137,0.028874176619367142
410,938,0.028965322592813463
237,1406,0.029041014915789407
940,951,0.029041173185422518
194,827,0.029221073348121827
446,856,0.02924175142539042
570,661,0.02941641733689947
377,581,0.029486843289328164
1118,1188,0.029726639791724838
12,858,0.02973664279596662
763,1494,0.02977748377223098
813,989,0.029859683102143122
865,940,0.029928498421519963
730,954,0.030012218964135435
73,516,0.03021790638448709
70,796,0.030427565684021596
319,356,0.030463713534972018
498,905,0.030766679980587984
107,948,0.030792221186494963
575,884,0.03094680449969654
240,870,0.031021387210810904
977,1487,0.031046884721784983
1260,1402,0.03119272160795804
792,1257,0.031348712200276005
271,1296,0.03169176768855439
1216,1395,0.03177847831874997
92,1237,0.031907347313471016
153,361,0.03195312329088934
158,852,0.032004386386677464
1070,1367,0.032714108277610586
572,935,0.0327276882993849
449,1018,0.032903772569892825
100,1404,0.033302539732296646
302,416,0.03344342781877987
55,1072,0.03348425666857865
876,1216,0.033574478266589595
1019,1139,0.033647268164779295
756,1346,0.03381511093445001
282,1378,0.033946042846710746
238,1387,0.03430969768506844
378,981,0.03434404404431166
67,432,0.034648116251680815
142,275,0.03473090031469282
128,357,0.03473814730010557
775,1018,0.03477328910478483
894,1321,0.03479527813809664
380,723,0.034795323611211196
799,1161,0.03494839046667268
459,1025,0.03499067640473381
1375,1499,0.03514904539072206
20,864,0.03535187534182298
704,1237,0.03543705700319385
699,884,0.03547050876592449
1005,1136,0.035610594494701706
1012,1477,0.035746309817564256
168,252,0.03582982640051111
416,447,0.03613257661710468
385,1475,0.03616173880800794
114,476,0.03624816911998148
533,704,0.036329089048421394
795,1475,0.0363320003360477
333,609,0.03642167824820629
746,1019,0.03644709699295876
689,1061,0.036460687658916274
78,1001,0.03651975058002419
315,1072,0.03680712911084724
316,1212,0.0368314884518126
1356,1423,0.03697332901417712
61,978,0.037097550090905755
120,1358,0.037176750613903894
1173,1356,0.03719254500009584
343,823,0.03722117738375128
449,1370,0.03729059104068266
1087,1417,0.037360756442001916
38,811,0.03740544457487698
1188,1476,0.03746266711576679
467,1192,0.03768381144472206
1239,1311,0.03769213808683407
1181,1425,0.037748491068834156
590,1242,0.037789480384216555
156,1196,0.037851952161658126
211,224,0.03785331115180894
38,778,0.03825059957565542
770,1040,0.038254535793545645
1017,1211,0.03827894430996157
492,685,0.03827946802622284
1202,1276,0.038517501125169495
795,1360,0.038598810189616105
302,924,0.038793269574630265
66,752,0.038874408191371716
518,1396,0.039052313801625375
537,715,0.039070660373071144
381,859,0.03944915569322684
581,1417,0.03958057664599309
631,1187,0.03964701364510773
210,665,0.03985564007449295
407,978,0.039897434581238754
471,702,0.039905776483747
265,1141,0.04007341013253096
594,683,0.040220230600493664
14,305,0.040498747103059056
138,1097,0.04075178544039259
220,826,0.04086572277920304
5,940,0.041215967642423815
827,1256,0.04128056849965934
460,660,0.04134973273925965
335,1252,0.04144062362844497
481,1058,0.04152830667289124
432,565,0.04158564806300541
84,1348,0.041721580780511615
405,554,0.04175689218840394
153,848,0.04181105490906451
875,1445,0.04195160243020153
787,1444,0.04198883634244071
74,176,0.042004939300495044
907,1292,0.04211011609356814
161,196,0.042131074684564146
791,1416,0.0425161513086051
512,1010,0.042542824175933046
1367,1476,0.04269135900576547
1419,1490,0.04284303807618475
778,1367,0.042852375680285056
1055,1104,0.04285921507532942
381,1495,0.043049198926630755
1293,1494,0.043224296887101894
194,1265,0.043237547584109144
291,1045,0.04328581953652924
643,936,0.04329097134176145
366,631,0.043369029360052935
916,1477,0.04339468308201521
53,1393,0.043411270096188226
238,1370,0.04341168717278477
336,805,0.043483156791112594
400,920,0.043649640052164596
1127,1173,0.04374147945561912
324,624,0.043924815035118206
854,963,0.044070427017123534
271,528,0.04409124963015374
11,963,0.04413007871432157
67,1112,0.04427135836060487
125,893,0.04432619196791132
692,834,0.04452217541114623
373,1050,0.04477129073223134
724,1358,0.04492266149738662
192,1302,0.04524792627394572
17,1313,0.045289857332281816
597,916,0.045492197529867454
788,1154,0.045541908446026784
567,1473,0.045566318829775965
662,740,0.04567726084789315
21,1256,0.04586656456188869
566,648,0.0459775820775101
505,597,0.04599517960881061
686,1183,0.046065162288571
1233,1338,0.04619459601803666
848,1273,0.04626029484693525
322,1114,0.04642414273368723
324,339,0.04651256755694502
306,393,0.046525641001560564
101,267,0.046526577989873044
196,1497,0.04670736720522043
1225,1375,0.04677697614428953
1248,1488,0.04679095781606256
703,973,0.04687559455287667
253,1298,0.046881509228089834
318,1265,0.04702827167690387
173,1318,0.04711203525817095
317,754,0.047318271322292854
694,1430,0.04742877026524139
509,865,0.04755695869005424
84,305,0.04756708656095767
648,694,0.04773687370338207
160,755,0.04780631658853844
883,983,0.04788351751852319
309,1104,0.04792454301809737
681,1260,0.047956540101549545
80,1085,0.04795724006574534
770,989,0.04797479403996664
83,138,0.04812789157535244
424,756,0.048220340128744654
205,325,0.04828358826699252
672,1208,0.04856135586254368
122,263,0.048654103246158466
1321,1483,0.04870521154690992
952,1497,0.048743733529540055
600,1071,0.048792533438435204
380,528,0.04886703187944504
1300,1385,0.04900104417379164
102,407,0.04917331793960024
427,1416,0.04917471901263557
96,1040,0.04923750910906852
86,1156,0.04944855375224372
1079,1206,0.0494679971573647
423,697,0.049627936493590874
67,392,0.049730400717139446
36,1071,0.04985499911596886
613,1236,0.04986208154008561
155,1395,0.049962287760642446
1255,1434,0.050108428161012165
535,1108,0.05027789385352431
78,541,0.050325076567696796
199,778,0.050558906151500604
824,1213,0.0505600173570277
539,1404,0.05076677533577438
163,447,0.05090698648687724
291,662,0.050946383732287145
274,767,0.05104379406715983
683,1303,0.05113386340029348
199,1445,0.051147207404371134
162,943,0.051293951169793385
123,433,0.05146506736848859
435,876,0.05148594296027633
333,1485,0.05155354690171291
506,1125,0.051566288122692545
383,683,0.05161371775485366
740,1214,0.05202912456833426
256,707,0.05206120459527492
910,1488,0.05250101825941197
421,552,0.05275766190283328
990,1258,0.0528175107714305
133,572,0.0528248101572779
260,1214,0.05290240110232073
597,935,0.05308161426850603
557,874,0.05313922892522436
754,922,0.05317274598297228
372,1436,0.05319774378083134
125,950,0.05330595294825738
195,1059,0.05372588339196962
1224,1249,0.0537476066767535
332,575,0.05375390359836369
368,1066,0.05403125493904654
110,1310,0.05406281920621109
177,672,0.05424147409528815
221,1436,0.05427699171020527
539,691,0.05432065735977894
757,991,0.05434266010086669
378,1075,0.054359469120961
1007,1029,0.054470191310580764
584,1382,0.05456001029605879
1343,1421,0.0546677718351539
1115,1149,0.0546901690745671
203,1193,0.05488030379336268
120,249,0.05502765934757902
489,926,0.055221390886783725
507,1147,0.055303608535552336
783,821,0.05531300716751288
1165,1231,0.05542404543844937
402,1180,0.05543986479987574
159,676,0.05546653022688368
316,879,0.05547068476702569
1146,1279,0.0555178120754194
405,1426,0.055858218112963424
545,746,0.0562125577321819
154,823,0.05623147136780477
243,560,0.05625797446183125
1087,1248,0.05635452738044569
721,1117,0.05638145311842213
562,1258,0.05640900506540466
52,595,0.05656514655028325
558,1484,0.05689855215547523
681,960,0.056898788909084834
736,1437,0.05690993089435731
1042,1344,0.05710933384305005
382,1365,0.05719109048750119
1216,1231,0.057294023501416345
36,161,0.057383689742624394
285,1278,0.057410153387991936
588,1252,0.057448795988495935
518,770,0.05749676252079129
222,451,0.05760602355073093
959,1236,0.057612423699202046
870,996,0.057613527786813605
1335,1455,0.0576448513593135
314,315,0.05767001709178916
619,1352,0.057817318139578674
1035,1275,0.05792583962921099
428,1296,0.05795905330284224
298,537,0.05807614236785151
652,1308,0.05809688765847086
769,848,0.0581305570884855
1013,1315,0.058205675433230734
619,1051,0.058257596902338726
590,615,0.05843326338162559
273,1303,0.05843761145936299
277,562,0.05864937281604644
366,410,0.05867570325256461
500,971,0.05904044587632205
171,1271,0.05930003624473955
1072,1445,0.05933430615542608
540,622,0.05934075176380355
36,660,0.059364742924601664
962,1187,0.059412346395768686
498,1248,0.059576055767471825
663,974,0.05988593348926253
560,1174,0.05991354621518238
566,1062,0.06012607455186019
66,842,0.06025947999839918
674,971,0.06038469007458115
652,1394,0.06050502737342413
307,648,0.06051557178234437
456,702,0.06088877798274295
137,273,0.06089885054737696
385,545,0.0610108462125796
345,934,0.06107009960167632
319,1265,0.06107653990372602
610,873,0.06114313507283746
532,1480,0.061308714456295564
213,1105,0.06133228918091867
317,318,0.061383308603123535
289,1369,0.06153892294058155
878,1203,0.06187493958934429
942,1083,0.061919019734452525
330,414,0.06213904200136914
494,929,0.062207501294559535
307,1209,0.062265422781860466
162,1313,0.062372782323542784
63,458,0.062381044634868064
1111,1437,0.06254111796294026
181,869,0.06268146095196474
173,240,0.06306959001150066
1025,1277,0.06313764457102461
100,1374,0.0632412127273696
1193,1386,0.06324432074873677
460,1055,0.06326088234846192
699,1210,0.0634034651890476
325,440,0.0636865488171945
28,1055,0.06378232132957334
481,769,0.06382418733328782
547,841,0.06398094251563262
969,1025,0.06405730090000855
1191,1391,0.06408487290080667
247,731,0.06408640570946168
149,265,0.06410361145290622
422,822,0.06429459446024277
1250,1310,0.06434605400692413
344,733,0.06435027006056128
129,970,0.06439280745299858
1036,1100,0.06443598210214461
519,643,0.06445305870013486
342,371,0.06447481645462333
654,1047,0.0644793595155679
128,953,0.06448697099185276
554,1153,0.06450878782349521
424,836,0.06452755733984283
1223,1412,0.0646421584994967
122,1228,0.06468167340155091
247,1393,0.0647086487851823
285,1240,0.06488907689818466
146,1075,0.06511744872408126
1277,1394,0.06513194705972085
143,1492,0.06522389653151207
916,1346,0.06578111367848061
739,755,0.06595658900535188
1002,1322,0.06599323034276545
521,1065,0.0660590753467742
320,1042,0.06612324269470754
1109,1418,0.06612922513606653
149,960,0.06635670775365383
358,487,0.0664425588551034
1001,1112,0.06662694247397995
1403,1489,0.06670118516388125
518,1213,0.06672383441013885
362,1426,0.06676052123369502
1318,1345,0.06691181014826522
73,977,0.0670235753319381
771,1165,0.06708452843877293
248,477,0.06714621446679947
404,681,0.06734591585005102
818,1410,0.0676307789810367
553,715,0.0681401637310627
463,1352,0.06827813712336867
1314,1481,0.0687254001387157
35,1376,0.06884132076233891
506,1245,0.06899493769426211
710,873,0.06903893052017605
392,806,0.06906304912973399
270,982,0.06919079003736549
516,922,0.06920185092513477
224,1246,0.06942600145433032
535,1346,0.06983911634025837
1241,1264,0.0698595281694937
96,721,0.06990743122182719
836,996,0.06991224313022522
274,1429,0.07014395794118289
874,1405,0.07043607015253996
406,637,0.07049442552359712
133,528,0.07063388317043909
894,1345,0.07066464408269704
18,655,0.0707693341839596
308,1481,0.07080394991601019
831,918,0.07088459396130316
417,950,0.07125457167111023
312,834,0.07149660175455845
333,353,0.07161880950297096
1012,1146,0.07163430454770461
700,1109,0.0716764965955732
346,546,0.07184045193265622
138,366,0.07188229802662023
547,1328,0.07194764883537942
260,580,0.07194809773854875
31,148,0.07199377663622133
165,697,0.07216327682971765
300,375,0.0721952555619536
174,1110,0.07238207010944263
105,624,0.07254077831326196
758,1435,0.07261135151860851
197,657,0.07266684586232448
11,960,0.07285639687187322
726,738,0.07289928648686812
173,456,0.07295707087903736
464,1341,0.07301178157030482
459,844,0.07312807155437517
191,1102,0.073266964416398
602,1059,0.07330529988106436
611,841,0.07350955519260724
16,384,0.07355496346295795
737,950,0.07366205882447625
199,1141,0.07385037244257592
753,1279,0.07401454876279609
256,834,0.07404107021624887
1249,1435,0.07422945340295233
137,1293,0.07433787018587786
905,1183,0.0743615758285834
1186,1376,0.07439700837654434
513,955,0.0744435474092008
86,665,0.07453218003574141
824,1175,0.07456709830958005
737,1040,0.07459130500991795
258,912,0.0746173386707172
86,883,0.07462584808304587
371,706,0.07487777444360688
1181,1388,0.07492365806582141
933,1368,0.07611917426572651
12,1415,0.07658191984117405
758,1246,0.07672780251504166
157,1231,0.07681265205878739
43,71,0.07715480288008952
24,1229,0.0772472089650858
885,1403,0.07760026299431316
425,530,0.07787405038916774
465,1327,0.0778940089648497
159,953,0.07795329902889314
154,953,0.07819350163466
182,1224,0.07828134595637806
137,1101,0.07869856285078
414,938,0.07878035192301422
806,1209,0.07879044351855748
553,826,0.07898830161219547
797,1212,0.07906421994862114
725,966,0.07926866024258154
1161,1474,0.07948532433339728
1042,1211,0.07967154227965108
909,959,0.08001981872215444
810,1317,0.08006528972373866
201,754,0.08008223241331906
339,607,0.08014501470555384
47,355,0.08039062708067787
810,1075,0.08049872876744299
152,1165,0.08051903059677308
385,854,0.08058205062308345
527,774,0.08063452203602597
218,777,0.08067716687634272
615,941,0.08079737382368019
73,636,0.08127985075093001
1175,1223,0.08175302032182316
380,1238,0.08177637228581508
488,725,0.08184993674653832
56,165,0.08199735874097328
478,603,0.08199901487189913
44,263,0.08207702061483607
438,1306,0.08219116125184804
145,1143,0.08255541237876834
35,1001,0.08265320068501326
599,1385,0.08276254704966665
1078,1255,0.08283180047945057
665,1091,0.08284654917894006
601,850,0.08311058340068309
602,1406,0.08321433609623852
348,1177,0.08327270330055722
659,1498,0.08342903160893406
113,985,0.08352165577632259
800,873,0.08353656256181134
114,998,0.08382821625474847
281,1353,0.08384642579887834
65,1283,0.08432930603572565
1114,1128,0.08477401560344008
487,708,0.08483150381013282
243,725,0.08485124936838469
330,741,0.08485384460251715
957,1266,0.08485719784746831
741,855,0.08508119996516827
458,1091,0.08512597953451598
300,855,0.08521864134575553
530,905,0.08534953969316479
524,1251,0.08552667242334695
569,759,0.08562518625193646
438,1289,0.08593193041052484
1250,1425,0.08596433020274356
6,295,0.08597785541479365
767,983,0.08610082281668462
690,1364,0.08637437258432297
476,1492,0.08693340921024607
1289,1357,0.08705926907761204
397,1260,0.08733215991181015
462,1168,0.0875051377055777
360,1484,0.08783367516174569
93,495,0.08812133011977183
1310,1435,0.0882933401478795
448,1238,0.08847881876021144
1043,1424,0.0885080041673857
1154,1457,0.08875693341021448
753,1228,0.08876721351329514
720,890,0.08879015841714367
244,789,0.08891615948140587
213,1148,0.08898743448982023
80,1048,0.08927882492077438
1377,1386,0.08930700710435487
337,641,0.08961713520131177
422,1355,0.0896178757113869
809,1138,0.08972995575535905
604,1276,0.08981046795082795
850,1290,0.0900629644667448
236,493,0.09012852955786106
44,93,0.09023807969640119
909,1341,0.09071973558950304
282,1420,0.09093798101070111
51,701,0.0912137055085855
342,1453,0.09159658412312954
702,1376,0.09175945314714681
1193,1227,0.09194838231029177
426,1369,0.09217052233609192
250,762,0.09222348967627571
358,1482,0.09223314611433714
427,435,0.09283180406056736
1180,1302,0.09298431017640278
198,1197,0.0931610773213528
488,711,0.09322450030487489
112,909,0.09328397256863082
295,1063,0.09380311382305959
10,1413,0.09391359086865084
493,985,0.09409362936849994
24,323,0.09415942272022704
696,788,0.09429061418389924
24,262,0.09445899883246552
606,1119,0.09462916149791888
637,1035,0.09473268264383063
112,830,0.09480061434717356
654,1433,0.09496410947954134
236,1312,0.09509676339240342
920,1400,0.0952486482429777
154,1223,0.09530837071596135
72,718,0.0955491709726474
1385,1474,0.09565847282131051
227,809,0.09571032813995652
752,1145,0.09573945021308185
237,497,0.0957722096988976
955,1080,0.09579744795478898
401,1420,0.09582816411674072
303,1349,0.09601148279983746
108,341,0.09602236493437202
899,1434,0.09604344569181877
900,1475,0.09610521820637499
1243,1422,0.09613062938432473
982,1153,0.0965018186300071
27,1463,0.09711775685646652
334,1262,0.09744583413045324
441,1116,0.09749137370872403
701,919,0.09750030216755012
264,547,0.09759374455220281
1131,1469,0.09775319962118886
599,1202,0.09779215530495872
864,1379,0.09785173360503552
284,354,0.09785380130989252
1148,1422,0.09785709765855409
131,1317,0.09790402977536931
473,899,0.0981234319366495
478,933,0.09845026812804678
604,1157,0.09903963095682085
1138,1348,0.09912892562229379
322,463,0.09943644071705683
420,731,0.09944442271723014
256,510,0.09949138262115756
44,1455,0.09956307427823095
33,757,0.10011528868682733
560,929,0.10031464483072436
40,623,0.10065711116568107
659,1192,0.10071455092656155
584,615,0.1008380911305316
1171,1219,0.10094236508519049
33,527,0.10105979161395987
26,499,0.10123294630349247
353,1313,0.10132961112563009
1000,1058,0.1013352899778397
727,1415,0.10178318279544325
1245,1267,0.10195210498084815
697,1008,0.10196614097859336
408,1361,0.10209441194338183
608,634,0.10210519748710678
627,856,0.1022058764485555
123,611,0.10220958311252484
690,757,0.10264949988121226
77,1152,0.10296754586507027
334,1273,0.10316070963006663
735,972,0.1031810197882616
207,423,0.10353825877851076
889,1064,0.10411055351140419
87,1162,0.10413268133119
22,1044,0.10442989346312462
494,1332,0.10458153653737183
347,520,0.10509438231970611
527,650,0.1051989638799241
789,1162,0.1057666029942505
933,981,0.1058580971656163
744,1075,0.10596549864267372
89,593,0.10679074406043348
568,820,0.10682556218935513
478,619,0.10708475054431797
733,1092,0.10716560350573806
12,1400,0.10755715732869586
510,1281,0.10755896827158598
1115,1287,0.10772372042870788
807,1052,0.10776862401707402
860,902,0.10779842851611861
312,1451,0.1078878806609774
43,1031,0.10791671026898007
250,944,0.10858305060408281
176,400,0.1089285442773207
1095,1151,0.1089353509299727
118,479,0.10925450176171987
555,1008,0.10951877199501686
714,1351,0.10970235044540416
379,623,0.10985173226091821
32,142,0.1099125589884906
8,264,0.10996278192590159
329,555,0.10996390961785593
409,1267,0.11030561348692038
640,1185,0.11049822251872934
109,592,0.11056787197872733
198,308,0.11072741734054556
258,522,0.11079628093377566
731,780,0.11084998599905525
195,1227,0.11100684422758562
218,296,0.11130456980115705
411,1007,0.11204512732884332
993,1253,0.11256117690882494
411,1403,0.11262500698418966
136,979,0.11266869522401739
522,795,0.11319701428255988
489,1241,0.11330319969084328
832,1190,0.11353256342298976
934,1377,0.11353627169891506
881,1129,0.11379084388420617
1052,1203,0.11405155921044204
252,1218,0.1152980984630691
815,1155,0.11535780378735151
89,726,0.1153580171186588
241,891,0.11544864317104316
949,1418,0.1155308286540908
145,972,0.11573512866810391
622,656,0.11595560923813766
327,532,0.11666890619013898
286,782,0.11687871817598523
861,1450,0.11688968013150391
236,937,0.11713179870305923
589,667,0.11717460991102323
1045,1351,0.11777636428479785
26,1128,0.11808734884510379
327,878,0.11812132392593148
130,747,0.11819313787499666
394,1343,0.11823269655875811
176,462,0.11830189958326652
389,1478,0.11875473320112816
14,879,0.1188069476158917
444,1140,0.11881229416574689
305,443,0.11907329604496364
399,468,0.11910607451888743
747,762,0.11913541317664592
664,1469,0.11914672329086069
415,1489,0.11917456280586101
523,1363,0.11958467378845404
347,1281,0.12003797590501462
520,1227,0.12010009155282217
1017,1311,0.12032967908215808
300,421,0.12057337193076091
464,941,0.12091409701499223
1014,1244,0.12141274763463346
973,1273,0.12204722797246223
738,957,0.12210578449916379
752,1048,0.12219089422135865
253,1379,0.1226649893000112
630,655,0.1227889628909652
99,119,0.12283163419660316
580,1462,0.12283790697907583
927,1197,0.12283805300266155
1074,1208,0.12287496088332107
444,1170,0.12290221368037199
301,1371,0.12311721970598509
41,1478,0.12313900357514652
728,1319,0.12332298303926718
341,1450,0.12362377776973207
39,1212,0.12363115084487018
31,408,0.12370279621162857
667,934,0.12372036120797081
389,1304,0.1238463397823611
761,1280,0.12423580234333223
398,1026,0.1244684316522985
98,1465,0.12447112086082657
167,888,0.12465355311135363
586,1184,0.12514860570790068
16,1335,0.12519221163522873
504,733,0.12520759321917546
393,815,0.1253495446859746
624,1119,0.12629812716382904
156,1168,0.1263018711581378
369,1344,0.1267341124672871
129,1408,0.12686772318990613
735,828,0.12715839580091562
320,1153,0.12733826241618532
613,1434,0.127702831167353
605,995,0.12793850455260616
859,908,0.128222230252805
326,1333,0.12825290735289172
425,1046,0.12825733599747888
171,1184,0.12844888440483254
544,792,0.12855944440063088
45,237,0.1288617743894038
402,1400,0.12888411215807374
618,988,0.1290990218398078
784,1102,0.1294265264193202
181,1068,0.12957287957596283
495,700,0.12969673517655408
1178,1290,0.1297817358516332
909,1353,0.12995642352989442
143,495,0.13020671292940902
264,714,0.13037372665368885
1078,1085,0.13048593761796579
639,833,0.13053592967753352
233,1337,0.13065504974104816
1149,1482,0.130882966288726
340,617,0.1310157396628233
550,1203,0.13137286627433062
144,172,0.13142687952717066
52,252,0.13162009216119464
744,807,0.13178344629445912
209,1014,0.13235848605692768
22,1262,0.13273387953892946
548,817,0.13284580293608642
395,422,0.13286248682272836
37,698,0.13286976684745896
440,552,0.13286985587091596
630,1145,0.13303181116206686
45,1351,0.13313258621423735
295,409,0.1332277315755302
441,504,0.133363799643587
104,272,0.13337925155010408
1333,1354,0.13380593889594003
1009,1372,0.13419193286848766
1124,1486,0.13423403422735772
1083,1105,0.13477983156745538
1063,1243,0.13490348356206883
506,817,0.1349160564709755
200,627,0.13524766762453602
213,1211,0.135370317452714
311,906,0.13550427512960236
1171,1298,0.13565920396834208
654,929,0.13572087639770322
170,1325,0.13616509044982744
257,276,0.13637945133389429
244,281,0.1368708091251475
328,1210,0.13756715045700568
206,1016,0.13789296661593659
270,1162,0.13790361242213123
852,1008,0.13817701768272297
1275,1478,0.1382829235702717
297,529,0.13856043039320565
74,423,0.1386058451969325
87,488,0.1387280510247364
18,1322,0.1388487587698384
347,1215,0.1391432381857476
360,1464,0.13953679569500885
277,1125,0.1396110194889565
313,349,0.140053942098639
289,1420,0.1405657463017632
772,1043,0.1408587540296873
355,1481,0.1414126983656556
207,1002,0.14154306286834828
979,1053,0.14163978855530576
506,1493,0.1416888455054961
1088,1110,0.14189319118353252
184,524,0.14193719262997148
348,1144,0.14205461584885806
736,855,0.14211881742486737
789,864,0.14235057687033875
513,1053,0.14249166228740007
479,1195,0.1426508478459454
1263,1472,0.14277680563031986
291,390,0.1429512505152695
89,441,0.14303896948027373
483,579,0.14339298454572014
949,1221,0.14362884342301147
64,526,0.1436774418376447
52,727,0.1437841131037094
29,451,0.1438654702367959
22,1324,0.14409410719888488
464,651,0.14416353491354356
470,835,0.1442055059501563
1207,1251,0.14451032624448915
1269,1301,0.14496821987820818
985,1235,0.14525478981238432
332,1422,0.1453877640654627
1171,1312,0.1456951800572595
1405,1412,0.1463589860763833
664,776,0.1464593978516134
99,1343,0.1468325851852071
232,1452,0.1469520882521764
1382,1450,0.1472019876807614
992,993,0.14734867441282237
490,1197,0.14770618752402487
1016,1198,0.14797105328015797
653,1199,0.14822180742026794
1074,1081,0.14858979025439098
593,668,0.14911238586677533
186,707,0.1491328245664798
454,598,0.14948750106749417
258,1355,0.1495382829187865
1182,1491,0.14974486400646722
81,88,0.149870874533632
949,1011,0.150368559681434
58,1327,0.1507051655904791
958,1222,0.15075985230606204
135,1286,0.15151682121328267
415,982,0.15166847653609666
486,1030,0.1535918297977309
178,1164,0.1536425134545431
178,1069,0.1538354760634579
426,799,0.15391356050071472
27,895,0.1542849199664239
693,1088,0.1544866081087698
453,1160,0.15454509096643443
472,719,0.15479751294591673
331,605,0.154798907189641
81,1167,0.15498932441625965
354,1371,0.155888235944198
605,1067,0.1568903827692109
502,687,0.15724174166693553
633,1330,0.15732425964127175
564,1495,0.15756555823135784
349,445,0.15795345349489145
936,1234,0.158005374752239
359,808,0.15803133060411406
58,713,0.15896807030651075
145,716,0.15930034596806977
639,1204,0.15941130300243123
343,608,0.1596917646153651
27,98,0.15975430012702604
872,1159,0.16054404090502
564,976,0.16056598883680692
284,857,0.1608545961201594
925,1390,0.16106510470721314
192,492,0.1617714571566941
621,1021,0.1618126503308054
614,1142,0.16214848993786857
248,1201,0.16223418259828132
111,198,0.16232874500812158
77,517,0.16270689643111486
925,1126,0.16309068678715083
118,1102,0.16335139057476025
502,503,0.16339500501881615
204,1462,0.16457961277358263
551,1201,0.1646342462787694
51,360,0.16507730752196575
749,917,0.16561528993016086
39,487,0.1657715665230291
250,436,0.16640636249786964
1169,1340,0.16777171999014034
131,1268,0.1687966444090964
148,747,0.16898597248569586
645,1454,0.1695009814174519
1176,1408,0.1695106008852773
1129,1325,0.16970695968347677
451,1449,0.16976709273663612
1137,1350,0.169906979458286
880,1034,0.1704495338060996
569,928,0.1708680648302424
97,1458,0.1713082032311918
89,442,0.17139732696570525
99,170,0.17176445671137344
23,1338,0.17179929044693096
544,1184,0.17200642504232153
816,847,0.17201198691709416
367,828,0.17211863094398122
33,767,0.17244510882198305
561,1339,0.1727534109041202
1244,1334,0.17290953047343746
77,440,0.17299009584249267
32,391,0.17330619412603357
803,1460,0.1733370250273745
657,720,0.1740454728680522
25,304,0.17405351266754143
604,777,0.1743973552669026
804,1189,0.17529864423031638
668,1324,0.17575903956073066
489,573,0.1758496072167079
782,1090,0.17600107150719566
3,340,0.17610480315365626
814,1294,0.17630772811068154
25,179,0.17649212934792244
1189,1291,0.17762257298076795
815,889,0.17798222606358935
772,1463,0.17820538093482696
288,992,0.17894772973456352
515,1034,0.1791746704680406
374,1334,0.17928537063633102
209,1247,0.1794038255659469
1336,1496,0.17966744023379352
254,474,0.17971396829529745
262,1288,0.1798275496108888
218,1177,0.18067908215631856
579,1115,0.18072030596588307
719,1031,0.1808671189932482
823,964,0.18153734661518495
591,596,0.1826507526365521
294,825,0.1829566675884141
1233,1282,0.18452954224786702
429,437,0.18475879925283445
820,1095,0.18532669919869932
867,1380,0.18536486954044237
508,627,0.18564870954111065
202,1468,0.18622372829730474
647,1259,0.1863087341952705
278,433,0.18647625785295255
409,978,0.1867212315846675
586,1179,0.18711817893314256
1142,1437,0.1873282447936234
261,1043,0.18736222391947974
328,695,0.1876694862579553
259,1226,0.1881020782426976
245,567,0.18818938249140227
9,1221,0.18822965674586814
204,348,0.1892579899813578
32,745,0.19047611320376645
1026,1038,0.19105235432067766
280,1096,0.19122605137237847
431,1340,0.1920087775026259
97,268,0.1923782729248697
888,1362,0.19367666236094333
964,1009,0.1941789458325252
822,835,0.19484725006143408
79,1032,0.19495937179694386
272,762,0.1951870479027688
29,254,0.1952750313368714
838,1317,0.19616568982564267
680,749,0.19712744989410824
1464,1472,0.19820868463507302
583,1339,0.19864713348484428
720,1264,0.1987061227959189
9,1285,0.19871075261017468
513,1143,0.1988469912220503
336,340,0.1988670562067831
127,663,0.1989942928036647
1107,1329,0.199511178807254
411,780,0.19974032876703496
587,1054,0.19988113891335246
846,1264,0.19998723822299228
135,573,0.20024704542782049
388,1409,0.20045395692594448
843,1372,0.20051793044003763
669,808,0.20073232397272064
363,1454,0.20279001291630952
293,313,0.20279263320539853
1283,1490,0.203111036529721
346,1161,0.20357473350014793
882,1120,0.20369116908472684
774,1473,0.2046714155638776
50,1392,0.2048517163016919
638,1479,0.20532890505767798
467,1240,0.2054115406289772
507,713,0.20719283000449554
266,629,0.2073397924936971
503,692,0.20753585012341086
687,1232,0.20826324740794536
25,561,0.20947336772523137
418,1158,0.2096044895032142
1033,1459,0.21047720075487186
42,230,0.21090036949356603
345,908,0.21098253019042157
1329,1401,0.21149098167894986
301,673,0.21153852017963418
501,1076,0.2117899828277743
379,486,0.2122079673981964
1143,1443,0.21263595792613876
88,881,0.21275973429575515
1190,1280,0.21388865895078168
647,994,0.21391913053918615
232,607,0.21414049848562114
140,349,0.2144149184496203
164,1103,0.21573177213172795
184,1384,0.21594773460118352
365,1496,0.2160017785370759
1176,1493,0.21641838803903718
525,705,0.216477079410054
574,1491,0.21701212252270083
1077,1194,0.2175030979301829
419,849,0.21788703783637806
124,269,0.21810362846946083
1253,1288,0.2184531532042497
1107,1392,0.2184578073345329
482,1190,0.21882768292537552
222,629,0.21948697437822612
543,689,0.21954117530487416
679,1350,0.21968056027751223
124,974,0.21985880344110914
164,1159,0.2198653500268177
866,1027,0.22004856100207165
480,1440,0.2201608804663945
418,1151,0.2206426844400717
72,698,0.22065561045573484
639,644,0.22126385771531343
750,1086,0.22161020401855142
1022,1347,0.2219700384765894
129,379,0.22206304210639993
1135,1336,0.2221764231948535
103,177,0.22246413694213454
233,805,0.22274607603822194
776,1159,0.22319864748964127
903,1270,0.22361262061811737
208,759,0.22468661917960764
352,511,0.22481919568611106
591,1027,0.22593525502971543
88,621,0.22594847445850624
215,1270,0.22637306729352819
19,1134,0.2269437062960553
1185,1452,0.22722374050525831
633,1172,0.22729835932477882
212,1320,0.2283038518615024
453,629,0.2290225368824625
395,1299,0.22911210480045885
169,786,0.23008508828513957
280,534,0.23012582242947302
658,1457,0.23057133983953007
247,1314,0.23078124972647257
206,786,0.233613188300124
19,956,0.23446657837373763
466,994,0.2349962694681802
234,995,0.23507453283202367
695,1222,0.2354448408889639
286,1460,0.23556417250375408
945,1204,0.23596174011476348
526,965,0.23616776570628095
257,591,0.2371905542072362
1084,1093,0.23739247842840758
359,573,0.23745314088839112
297,768,0.23787241101094792
678,1291,0.23882597260890728
646,802,0.23894942771069705
577,1323,0.23896156603461308
666,802,0.2393595084377948
923,926,0.23965821766584888
825,1126,0.23986926263437777
751,1424,0.240450024888596
188,1427,0.24058628063077458
68,472,0.24072293393968996
761,1082,0.24082014853084918
1133,1342,0.24151950954535428
200,299,0.24155605169795635
638,866,0.24163093775331232
568,719,0.2417013062326131
321,1438,0.24266775351492187
178,1301,0.2436475007786011
502,1333,0.2437857117515669
268,965,0.24404963664265406
23,1110,0.24514116959758359
658,759,0.24546570241015575
233,743,0.24601290695160108
559,1194,0.24611177236335638
386,1331,0.24622331271458855
647,749,0.24655434732927548
782,1269,0.24660066718146909
696,990,0.24666332211958136
255,1362,0.2470913647813253
119,705,0.24737876859734098
468,1292,0.24746068624651726
359,919,0.2476650669730768
1061,1064,0.24882527953073455
376,1458,0.2503015198161712
206,678,0.2503117371338149
387,1447,0.25055061573382453
1077,1337,0.2509066181302223
37,1056,0.25143782791041475
1073,1120,0.25232538638358404
743,1397,0.25341355218133926
115,790,0.2534486059966327
217,625,0.2535157423413139
8,393,0.2535432254958987
294,491,0.2543652179870183
484,1261,0.25486574541476503
399,1330,0.25711431350643826
728,1074,0.2578604286809553
887,1189,0.2580361003419329
1093,1419,0.25811192011081985
225,946,0.2587403738841027
436,1357,0.2587825638546363
69,798,0.25898259879608954
166,798,0.25921458611037723
804,1191,0.25958135758725576
68,1320,0.25986090625424163
413,1234,0.2599472592663318
147,191,0.2608079739706963
1170,1299,0.2614232440885382
374,1081,0.2623338112525054
1399,1401,0.26247691870309897
626,776,0.26276537928053845
784,851,0.262930477342355
484,1133,0.2632345502738541
1030,1469,0.2640697468627115
507,680,0.2641545994446534
1111,1456,0.2642301728310581
251,839,0.2647704632331452
1282,1309,0.2649902061773441
337,466,0.2651404896749167
437,890,0.26515641253930217
1172,1200,0.2659279305206924
127,465,0.26843804571389496
113,1033,0.26922807356065886
429,837,0.2700231483420203
4,455,0.27003454678117167
363,1288,0.27186056998574504
781,846,0.272388349687017
642,1274,0.2724159802978096
1285,1297,0.2727473028749249
60,1132,0.2732970928843184
628,1431,0.2733396110936968
187,450,0.27448212238504666
95,688,0.2750815550490479
732,1448,0.27676908785443005
235,512,0.27749469531696586
877,1438,0.27790904458681787
523,1399,0.2804921515673353
729,886,0.28128513274089834
499,616,0.28129228581481885
54,1440,0.28155809068344506
1160,1380,0.2825100267492885
212,439,0.2844468457825697
536,1054,0.28459230166418026
482,1084,0.28505436519343347
868,1024,0.2852023076295675
23,812,0.2854824297835371
90,838,0.285688866965241
57,898,0.2857959573293254
628,1163,0.2860806747139945
1157,1257,0.28681112075829707
388,1428,0.2871596567047367
338,1140,0.28719894204305135
1100,1103,0.28790770522744735
139,529,0.2897477934929999
819,903,0.2898489272746315
618,1207,0.289918087155027
70,1390,0.29183359950956994
151,945,0.29453276399435674
10,843,0.2947007650646988
1132,1428,0.2949511336608227
364,1220,0.2952227500314422
179,975,0.29543521938001865
783,1342,0.29558362349289025
891,980,0.29570643403621755
71,364,0.29574378962418035
374,1049,0.29611306754467487
183,1409,0.29735140204690436
261,1282,0.2974783525734502
235,974,0.2978292772893102
0,215,0.2982712799556338
413,853,0.2984716682495325
242,1147,0.2989168249234251
30,48,0.30020102438278845
793,1373,0.30088533898333497
344,394,0.30219061664718516
297,821,0.3021966173860827
60,1465,0.30376892671282213
216,480,0.3039161257196751
1319,1448,0.3046567402449738
633,1254,0.30658354251649506
272,839,0.30727978261907335
768,997,0.3084768810908596
818,1254,0.31008204337147993
229,550,0.3104817981946026
230,556,0.31085030461199326
259,391,0.3135855752301962
832,975,0.3156715075438042
592,805,0.3157906516219887
616,906,0.31689833872670803
625,887,0.3170319888392674
94,185,0.3173425724649004
632,712,0.31757033148384706
147,1208,0.3177341165608437
216,574,0.31773940450558924
677,1158,0.31802113558289374
396,1432,0.3183133278355806
521,1268,0.31898268159770715
79,1371,0.3211627459640393
367,793,0.3214617536299495
1135,1295,0.3220099387804689
766,984,0.3221475737634622
1284,1362,0.32260434106663527
219,1134,0.3235403524707084
219,863,0.32356179328886847
257,491,0.32398296157320444
188,764,0.32402891076396556
299,1466,0.32409706807491656
48,816,0.3242022851917581
212,1217,0.32495025718319787
907,1280,0.32533371741258943
386,559,0.32608047187753164
1056,1093,0.3266534873661353
673,1263,0.32742734363609693
1447,1454,0.32760994812989797
241,1094,0.3290424960945461
486,1121,0.3292302302889493
598,653,0.33224328310201373
646,898,0.33293300427092903
669,1295,0.3344133572771583
461,853,0.33601972989733714
732,891,0.33762008770616053
576,670,0.3382277958794443
7,626,0.3391518565453988
279,576,0.34048127028852115
297,887,0.3413357014554067
365,1041,0.34191515344306106
4,1272,0.3447094209986151
536,1286,0.34487671637338096
310,814,0.3465504730021882
189,1411,0.34726169759524006
94,217,0.3484060568281161
1381,1392,0.350770599901377
370,849,0.35117975658134204
68,391,0.35225149967163605
641,1132,0.3553406092035205
0,169,0.35536089557295775
430,1198,0.3554732422108961
956,1300,0.3565779683662651
172,242,0.3566295443613043
931,1383,0.3572718654439461
365,653,0.35784887834681206
773,1330,0.35875554124432396
1195,1230,0.35904932945795903
644,1099,0.36302651489806004
461,1178,0.3631304759152621
174,455,0.36416970868516885
765,1004,0.36507250430176263
519,617,0.3654814138036928
386,1292,0.36828989650224625
287,812,0.36830954426505774
897,1431,0.36883964618226206
455,882,0.3692708087980192
1247,1442,0.3701409536616815
802,1274,0.3702867074905992
819,845,0.37307783148845747
1073,1363,0.3740111512229432
896,1373,0.3755028315811129
688,1467,0.3755109127917924
59,576,0.3760504198798369
101,1064,0.3769544452355904
709,1023,0.3782959274315624
151,1113,0.3801869469925429
688,766,0.38055915014848773
141,598,0.3839065559069849
898,1182,0.38514143806560314
742,760,0.3855455835455905
215,429,0.3886289291646477
1022,1205,0.38893435189838943
321,1442,0.38980625718142287
745,1269,0.39105194161087425
403,867,0.3910892065040271
188,1383,0.3917225401491885
1259,1397,0.39201261061425413
386,1164,0.39663077373737
677,1038,0.39795455024433246
95,563,0.39924801610656874
241,965,0.4000041264278062
534,849,0.4013599514265733
293,587,0.40451180317350677
1191,1359,0.4066836909725545
803,816,0.4101495518247385
666,1461,0.41026969233952953
103,558,0.4106062590588898
457,642,0.41163751399686144
54,915,0.41386453697624875
140,239,0.4142022083146277
4,1067,0.42023741275164844
1113,1329,0.4206011882343806
656,1026,0.42579146469856044
862,877,0.42647994915863224
577,819,0.4286940351795822
219,1431,0.4314904967518557
1028,1316,0.4345543146502319
370,582,0.4368431956641857
1,1251,0.43727467350974614
69,1366,0.4423313342897112
225,1347,0.44547831296233614
1363,1470,0.4502444624806146
734,1120,0.4502960231876321
729,794,0.4532238756438846
670,712,0.46892694601085877
132,403,0.46934531457750495
563,988,0.4716400034494345
475,1381,0.4722122761764011
134,931,0.47275091943461744
1086,1099,0.4736491919842446
42,48,0.4739957336290936
904,1123,0.47479135713462844
255,1459,0.47799777950613376
75,1427,0.48092942859316895
376,1366,0.4859984535033902
1349,1461,0.48626827990590443
1,625,0.4870277874747996
115,932,0.48941313147557164
231,862,0.49199439018056873
279,418,0.49668436051070636
82,880,0.49801141651254544
939,1411,0.49865288317049133
193,868,0.4987499564047441
75,798,0.5007169566451777
183,1130,0.5034854621825304
141,477,0.5087811215406002
1411,1470,0.5107814369564306
267,1076,0.5118561320866278
1022,1124,0.5175322998486421
76,1458,0.5182949337872923
115,1294,0.5184077455774427
1024,1366,0.5269007138920149
709,1163,0.5333524077437953
880,1023,0.5390201139501969
649,1121,0.5394607986160171
117,1028,0.5429827895169287
748,946,0.5510316741160776
511,1099,0.5554329748159651
121,915,0.5633476745265524
62,921,0.5724822182548008
635,671,0.5752897166355019
121,412,0.5875052510469225
999,1284,0.5876162594581186
1057,1347,0.5934049841058647
126,915,0.6048623820389392
338,968,0.620707491231068
682,987,0.6308875227700357
794,1271,0.6468234088503815
150,967,0.6484314741171927
351,635,0.6486796754308802
671,967,0.6612237169157639
225,734,0.6793296512136348
646,845,0.6806275175476635
189,790,0.6807481906303856
2,251,0.6815113586049535
670,1441,0.6917635590785645
871,999,0.6959710129914599
350,939,0.7030384903564668
531,1316,0.7147259752013072
126,1316,0.7166861630953844
283,722,0.7216779188499158
914,987,0.750918777898916
166,434,0.7654468037648996
15,932,0.7791635015356231
311,1389,0.7838476897985294
283,947,0.7852450936230558
709,1004,0.8182368320677745
91,187,0.8560125653496224
310,829,0.8611132704255924
49,765,0.8641387905121418
531,947,0.8900101291505585
187,563,0.8991826031367469
1037,1441,0.9008634951825475
967,1086,0.9055884120139313
180,986,0.9380738338451169
412,987,0.9428111551783248
538,968,0.9456680612233607
106,1015,0.9485176312228697
106,542,0.9741740494910464
7,1123,0.9790236055592049
434,1326,1.1468198258655935
49,290,1.2436208574505772
722,1015,1.258526164313075
91,675,1.2880633049695924
62,585,1.4281865025736489
1467,1468,1.50398719390255
434,921,1.5121378410047905
675,1039,1.5793480491512697
742,914,1.599159909668979
180,1123,1.7051884264498332
