u,v,w
674,745,0.0010451822661686177
772,1067,0.0012464022887646979
362,468,0.0017950790363131751
842,1344,0.00186028229866091
1235,1445,0.002077781788784379
603,1407,0.0021224920649463505
863,1279,0.0022408368628938757
193,1183,0.0022921493843876045
114,637,0.002359292379041169
378,1491,0.0023755469444130513
504,1137,0.002452534629240718
264,1085,0.002480684800613129
574,985,0.002482700921640358
698,1453,0.0024835245529210835
1123,1480,0.002553119537256262
450,1357,0.00255690466032856
541,1116,0.00262984738654343
627,1249,0.0028285456642562494
628,667,0.002978479107672898
22,370,0.003034174425139929
564,1243,0.0030958951121193494
641,1021,0.003095980474908672
746,935,0.0031028123102857315
367,1462,0.00316662467629734
446,1060,0.003302840332069378
124,411,0.0033147308010532455
125,267,0.003456689962218533
1171,1358,0.0034918983853987704
293,1050,0.0035003057402801007
26,1096,0.0035301023917026675
892,1411,0.0035868220093649224
571,1079,0.0035878597053698746
804,1265,0.0036013752160463765
615,798,0.0036031554966282214
553,960,0.003605231108584932
485,1361,0.0036281048876728632
448,1418,0.003640917435806531
1270,1472,0.0037114714603726775
430,955,0.0037731557148788417
86,1238,0.00387446827287967
185,807,0.0039048779861621417
35,1185,0.003910439824276318
84,993,0.003911559097863268
216,479,0.004021795497486994
896,1100,0.004031854284855491
542,1329,0.004044717394160706
606,1389,0.00415163925801854
431,441,0.004168880596179292
1351,1497,0.004293181952911517
1379,1392,0.004310146530089385
161,1288,0.004314076611462941
554,648,0.004437877580428482
218,265,0.00444576117256011
209,1398,0.0044563694273635395
1204,1244,0.004471746621869592
1015,1136,0.004708478982324521
552,1326,0.004739056613113643
767,1476,0.0047407615303033425
787,1294,0.0047623848397705506
725,1060,0.00477947944803217
287,1237,0.004808057417775292
520,828,0.004822778583701612
701,1234,0.004838558432321068
248,1371,0.0048537583797306485
56,595,0.004867890918467649
196,852,0.004873449351960959
203,229,0.0048942724371252464
1019,1022,0.004920443894240073
1098,1120,0.004947603707934724
464,1245,0.004955197603132707
1030,1464,0.00501081172775363
195,1306,0.005027203700000033
341,919,0.005036266837091344
55,1104,0.005054802903137384
281,1474,0.0050863263651036465
721,1183,0.005106696278637752
451,573,0.005108851372873833
971,1184,0.0051684754249180995
108,625,0.005170086396094793
50,511,0.0052462469205194545
802,1339,0.005311553178672051
465,497,0.005344943370686371
437,1227,0.005398144426920374
691,794,0.00541569121386712
880,1484,0.005433786023074928
16,973,0.005482076827561095
1147,1371,0.005492961107892574
873,1129,0.005570316263854151
934,1443,0.005593976132612779
736,1157,0.005600154061652733
757,1160,0.005646714005604242
143,1307,0.005648233501922214
1198,1427,0.00568760949686836
191,518,0.005740449404086992
172,272,0.00574539685945745
677,1315,0.005747860033311746
644,879,0.005762303651756048
527,931,0.0057998954624383665
107,441,0.005873626261907236
422,484,0.005880895654202536
229,886,0.00591247171757046
206,816,0.005939120026524916
256,825,0.005947386831304172
12,438,0.006040373072149083
404,1375,0.006068666094264989
102,1448,0.006070907050715328
453,911,0.006157324814055318
707,1219,0.006164375824399736
169,1365,0.006168440660138611
357,523,0.006187668286662573
440,1141,0.00618908495412666
20,1395,0.006198134021079815
305,885,0.006214615277664514
434,935,0.006221000314715223
281,1041,0.006241906193421643
222,595,0.006256821041580805
334,1444,0.006325775865951895
890,1208,0.00633428924276945
521,1436,0.006336681070830133
196,1163,0.006366446845267456
1013,1335,0.006408492689169393
602,1356,0.0065019810086893205
881,1458,0.0065042616710177074
61,185,0.006512744820888919
536,753,0.006524732055381594
523,1488,0.0065438496639293655
117,1462,0.006545636999792676
1198,1396,0.006563568951992178
951,1311,0.006604258509860406
71,528,0.0066354074109211195
617,653,0.006751137708908411
327,531,0.006811547701876533
466,551,0.0068369877467099474
152,1092,0.006851473741863268
990,1125,0.006918105383323721
632,1400,0.0069725659586749485
213,800,0.0069960412884652635
682,782,0.007003227684732127
310,608,0.007062134348657959
344,1170,0.007121598276872894
938,1236,0.007158421336318845
486,1194,0.007263163875777122
610,1224,0.0072701464613986015
38,410,0.007276314451091812
823,1279,0.00727691766808096
68,1111,0.00728891405471742
24,1208,0.007331249884549432
730,900,0.007332710807869343
160,1218,0.007333374817572051
323,1028,0.0073479966726691165
68,921,0.007385562006592872
615,891,0.007393395917194974
438,769,0.00739476700559711
932,1212,0.007408083354239374
1061,1256,0.007440323488524383
80,1041,0.007459787770388888
427,433,0.007509826035558517
14,484,0.007526494518856314
4,1312,0.0076137608408274274
778,1455,0.007614342510391848
69,1042,0.007619353936422332
322,1309,0.0076322784318031914
170,188,0.007638751897948885
211,326,0.007662943634081122
668,1355,0.007686273282553208
1095,1460,0.007712890087328602
592,913,0.0077242095726950954
93,241,0.007830430810857323
806,1009,0.007838895238813398
1196,1308,0.007842621552862895
204,556,0.007936621707123614
784,1459,0.00796421117914349
375,848,0.008035012951136572
540,589,0.008072347015817494
367,1341,0.008089337255815952
870,1380,0.008111695958082176
532,694,0.00814208770219768
493,552,0.00818995933535695
228,817,0.008196779635626119
1011,1052,0.00819863621771473
350,1400,0.008241337406114714
345,1011,0.008280868020677982
662,956,0.008319071050962109
941,1117,0.008326577013792202
575,1072,0.008353768226178657
957,1122,0.008360735256170456
0,60,0.008376683902287699
564,860,0.008419719663470781
227,1381,0.008430724410591619
595,1382,0.00845908973422056
443,1300,0.008465365137381208
662,1020,0.008519937633902245
1257,1310,0.00852549717258441
268,1219,0.008539119043619436
437,1376,0.008540788175056767
145,634,0.008543264219764217
593,605,0.008545509469057376
1157,1359,0.008565792539787752
329,764,0.008586049730271912
671,673,0.008590089713706037
483,628,0.008623581052473126
25,105,0.00870419120369072
133,893,0.00871986526283191
649,1306,0.00878722315507569
123,124,0.008790319123306366
1015,1375,0.00879102259588408
45,54,0.008836116713593512
143,655,0.008860093881495074
430,1251,0.008868632623261383
69,329,0.008879296437419111
155,1412,0.008883336934682896
1125,1257,0.008920655500237856
530,1145,0.00895236273804244
1086,1290,0.008970846986580351
593,1156,0.008975173095290893
840,1139,0.008976021220920028
246,1350,0.008994679896404553
737,1080,0.009033690108125629
1386,1465,0.009043031326303073
112,1092,0.00905183959243572
881,1237,0.00907899419827821
482,1492,0.009096876476479233
1229,1496,0.009116864812393969
177,1073,0.009149517712999579
191,1122,0.00916890564643787
363,885,0.009173785107502282
280,381,0.009220085444716752
118,505,0.009240180105491824
881,1498,0.009241504508782925
1205,1214,0.009286122170971285
496,657,0.009300073573937364
878,1012,0.009306370065024149
160,1413,0.009398524486380518
72,1281,0.009402856155798701
651,1127,0.009405188242433287
87,1221,0.009446583302345617
658,1175,0.00947572537342282
238,427,0.009482889176567885
539,1221,0.009558983836391253
593,909,0.009689369481733484
360,452,0.009750542181201834
314,847,0.009810432862524835
414,1135,0.009812308343452003
292,799,0.009844179617271515
917,1315,0.00987063011296025
496,522,0.00987890211782796
262,761,0.009882421627303815
286,991,0.009889497355734366
376,836,0.00990209556803737
169,813,0.00990515964637622
74,1257,0.009913805221780477
889,981,0.009930900857644616
3,521,0.009950088365178172
1259,1409,0.00999316826686979
926,1202,0.009996905802114538
211,473,0.010028263805713533
1005,1074,0.01003816619672553
279,1174,0.010047510390461912
361,1450,0.010052678328856013
505,1000,0.010083671974260569
790,1397,0.010120965480863492
1029,1413,0.01015864154545048
572,735,0.010190825878641646
266,909,0.010209086415768448
383,1097,0.010211034683064274
425,1353,0.010211351016045806
461,864,0.010222766142656426
404,618,0.010251021933110388
639,1360,0.010257234979050912
494,534,0.01027909576904909
1035,1036,0.010310619332811981
579,748,0.010314383337346047
605,828,0.010338046158789365
508,1356,0.010392189899822865
17,895,0.010393109734947142
51,214,0.010432134332175842
21,1115,0.010434281982213037
136,1214,0.010442897739533776
269,697,0.010447329601305642
705,953,0.010563845228525881
279,901,0.010565216871686645
446,724,0.010575804015687425
415,968,0.01058155207627993
839,1081,0.010618862441347287
51,661,0.010628151612068119
349,1170,0.010675547543180786
137,616,0.010687283277404199
116,361,0.010696556789667742
1032,1297,0.010763977789937658
936,991,0.01079303203075294
942,1285,0.010801437465201324
1069,1330,0.010805313103008972
365,1409,0.010842305442716383
529,789,0.010846089563365904
201,974,0.010855319723474772
989,1034,0.010874279096661329
714,946,0.010917339581162842
129,1178,0.010956939821102334
54,1240,0.010968007903466408
80,1268,0.011019091408807066
944,1185,0.011038384437914802
720,786,0.011048706679109451
843,1117,0.011080520919040967
547,1299,0.011154531142932769
777,1174,0.01125286530850167
32,1163,0.011275773470105992
1235,1368,0.011279668983456228
29,447,0.011304902732993142
748,1447,0.011438802361261753
200,568,0.01144972113721199
465,730,0.011472080683753673
749,1036,0.011486295338988671
434,1473,0.011492193520643424
668,1253,0.011503794906264487
195,375,0.011508800757352911
1038,1386,0.01153147189709116
630,960,0.011540133935052013
501,1406,0.011565833274658174
167,336,0.011575704910248544
447,1401,0.011589662870536787
380,951,0.011593609443042094
327,384,0.011597704388064239
1039,1253,0.011608532113136727
463,867,0.011640260225949769
377,703,0.011682935518021544
526,1344,0.011717476013845898
450,714,0.011725380081862998
822,1172,0.01174538437186703
109,1103,0.011746440305999108
390,761,0.011759208199585054
242,1176,0.011767957154858991
939,1490,0.011771139838103283
249,570,0.01180865635914648
480,1260,0.011823891415379957
501,643,0.011839833367878957
712,1112,0.011872012804555562
88,234,0.011908775539588277
1244,1255,0.011919309766967574
10,440,0.011939335899954174
758,1285,0.011941712173557637
282,585,0.01197337129000417
373,918,0.011985161123821251
412,1024,0.012011180474047407
265,1491,0.012022006719885176
59,394,0.012029946885674997
142,1209,0.012036723228876283
267,1398,0.01206898884255849
17,270,0.012081477387901114
61,599,0.012100751757347384
776,853,0.012101366502204813
639,1078,0.012112045865460348
741,1477,0.012119078140231151
1001,1396,0.012131959906601588
679,775,0.012141125374579882
931,1367,0.012151861471583272
332,929,0.012220349168121387
115,1173,0.012232289480092903
489,617,0.012268744798903356
33,202,0.012270862217029917
330,966,0.012295292988509772
87,305,0.012315203601592587
1080,1204,0.012334186800914164
675,1453,0.012355404823744911
452,754,0.012365545655449808
177,287,0.012376330503829905
1203,1383,0.012379529721751825
354,1094,0.012434160795212213
715,1411,0.012472510296602183
510,1273,0.012560076307753217
16,1104,0.012562286322449757
119,360,0.012604773317725013
63,848,0.012614199558219786
1368,1495,0.01261679836564795
69,1376,0.01265215701215468
686,1068,0.01265307211358367
331,350,0.012687489357344213
98,112,0.012715858267025641
498,740,0.012747354434879362
643,1463,0.01278728172524123
1097,1128,0.012809389179132087
718,1140,0.01281409205203739
443,1419,0.012823119183397893
394,600,0.012827691464627767
1,981,0.012859074179248708
618,830,0.012878154549024447
760,897,0.012888396691666231
469,1188,0.01289397132389884
179,1142,0.012929967721389874
624,1161,0.012962725837896578
736,1034,0.012970712940423514
533,1358,0.012986290363363878
399,471,0.013065031280668377
284,696,0.013090814782711065
140,302,0.013122283378194063
257,1391,0.013122880638834456
849,1291,0.01313297007409942
223,836,0.013136789067122874
73,166,0.01314993230477187
1359,1364,0.013155162297218376
257,336,0.013174400907121953
1084,1275,0.013180627190021117
1379,1383,0.0131912174897878
253,283,0.013197202479746999
878,964,0.01320846952495918
218,1407,0.013209140064252922
79,164,0.013226758810034074
598,703,0.013262007519558305
232,837,0.013272443067047116
45,916,0.013276870529665478
441,930,0.013342075407302596
192,405,0.013392277847794275
334,495,0.013393334760389647
1105,1408,0.01344414045016241
1310,1477,0.013452226522095533
352,1458,0.013453896043315781
1264,1314,0.013461328933011128
64,165,0.013497442280828026
102,337,0.01353306413987499
109,307,0.013540156536369962
863,1349,0.013548058228891886
162,779,0.013568077247962744
1076,1327,0.013578696726803601
213,237,0.013626874000119905
1094,1284,0.013631967952442287
339,1267,0.013641081562399656
63,766,0.013664486308684665
456,1332,0.013689253788300873
1342,1421,0.013690425028519903
720,1153,0.013731337492594206
891,976,0.013741177377697773
376,1288,0.013743439808970772
189,221,0.013745237212821346
1066,1109,0.013800456441235672
103,1159,0.013887033563081434
579,1391,0.013902959764024484
97,779,0.013914874238715883
714,756,0.01391893669253595
533,926,0.01391967141465928
49,589,0.013936593323058993
123,873,0.014023526261364832
289,558,0.014094690419528337
182,233,0.014117330640569185
716,733,0.014119919987628338
904,1428,0.014137647063807938
959,1425,0.014147813441490815
607,1101,0.014176896257808335
986,1469,0.014180983832229254
424,1452,0.014189892633660772
341,990,0.014264084985051658
67,1127,0.01426896305194984
582,622,0.01429193011080872
299,1064,0.014292909210951702
588,1430,0.014305915852407758
256,927,0.014324452131201041
755,869,0.014331792054955573
335,630,0.014342981715312593
478,981,0.014361748996972288
752,1257,0.014407801522404833
499,607,0.014425265566430766
249,653,0.01442570291017372
91,234,0.014439285775533984
1208,1366,0.01444011504008457
278,841,0.014457936398961002
1054,1486,0.014469668045162126
431,1135,0.014474820215377613
239,388,0.01448028698538802
84,321,0.014489240774523862
879,1209,0.014502996793123515
17,576,0.014522599324534476
1454,1460,0.014579306923587037
719,964,0.014582465182589209
967,1276,0.014592604786019814
772,1062,0.014600919706681634
123,514,0.014602401162458645
602,829,0.014681853598323157
603,1203,0.014689202979700224
759,1204,0.0147331378806187
660,756,0.014782530692226249
660,984,0.014793800756748342
1115,1354,0.01481460544515279
674,1121,0.014825682268215061
178,1258,0.014850774279829084
750,1327,0.014864586516531796
701,1233,0.014922943001605295
1293,1424,0.014963955948857535
561,569,0.014968783673510492
1098,1389,0.014979190384782686
589,636,0.01498175818478502
575,1410,0.01498647342399823
78,1160,0.015001942603118254
141,301,0.015017837766144279
1378,1495,0.01502953072315035
812,1486,0.015029864316591018
619,772,0.015030938735192742
644,1082,0.015040670466306565
588,687,0.015095504113763989
193,1048,0.015095780808299646
175,1202,0.01510872219840384
78,737,0.015128160231462635
451,726,0.015142230926774506
391,1034,0.015159596630885383
574,837,0.01518435210075543
332,719,0.015197773696031446
356,1211,0.015213375711894081
932,1426,0.015241171830672043
201,688,0.015265892793960557
854,886,0.01527278465853159
933,1124,0.015287491722582995
433,1438,0.015289020906121324
805,1338,0.015313471323419524
149,1128,0.015320143125669986
749,958,0.015329251089517966
237,705,0.015334564746077849
199,718,0.01538723546007629
894,1377,0.015398608790431255
111,1305,0.015414424518565617
512,742,0.015414436362936264
650,917,0.015418964486982462
504,561,0.015445721147797251
92,768,0.015460570590864014
381,1353,0.01548982983821602
509,1414,0.01550647688862825
733,1250,0.01554963614276571
728,858,0.015552257520812632
145,524,0.015559807313977379
912,1318,0.015559950755075515
181,709,0.015570252928561231
385,1118,0.015621718679967768
524,1464,0.015661508141949318
300,406,0.015668064728177812
817,930,0.01569750288428994
248,1216,0.015735246524027226
364,1031,0.01575203020819112
418,993,0.01579146316767279
155,613,0.015792578651659703
1108,1343,0.015799984688605346
1268,1419,0.015864530361842204
245,322,0.015872506242998737
956,1341,0.015883288862312422
1192,1472,0.015886840892489575
44,485,0.01588701477273841
711,927,0.01589509961479534
37,546,0.01595321839036614
269,1381,0.015957265325355907
266,1018,0.015959150484203082
499,570,0.016012848233104917
1055,1408,0.016025649657337417
1056,1328,0.016033707991881734
1139,1399,0.016077630078814707
1180,1351,0.016177973276765126
65,1190,0.016196761542567564
236,1096,0.01626276271105595
606,1255,0.016268557602984214
266,627,0.016269531417790622
57,386,0.016278744349701404
326,507,0.016294075461086886
711,839,0.016320469657920396
179,426,0.01633740779708129
690,1063,0.016358203100546802
600,764,0.01636080860003684
790,1393,0.016394450346460043
908,1492,0.016396510318239958
691,857,0.01641392915076421
297,862,0.016436259902971578
304,999,0.01645740212023388
601,1388,0.01645981200749867
107,314,0.016489222459565894
784,801,0.01651024687360453
281,906,0.016516506440678785
284,1338,0.016545635241941952
788,1216,0.016560253251447575
992,1105,0.016599656998239985
1068,1438,0.016620779140268223
503,950,0.016687498186353455
683,1417,0.01669099028563719
682,835,0.016694426272724824
203,474,0.016697221160549617
358,809,0.016715745074475954
100,987,0.01671666435155345
473,1119,0.016728515101280428
731,1406,0.01676291105146132
419,615,0.016814775271195573
429,785,0.01682094098391065
470,1229,0.016835796791621217
1077,1360,0.016842669927295495
362,1350,0.016871649304210198
699,1110,0.016875327481614067
1363,1404,0.016877544840541037
1361,1402,0.01688097831369767
308,477,0.01695762837998885
742,835,0.01700642646431337
985,1222,0.017037927806141502
1161,1179,0.017054192650959834
405,788,0.017054548920348196
407,821,0.017163710515634208
669,1140,0.01718632914626969
602,1261,0.017192977811422525
992,1399,0.017216409194507287
693,938,0.0172266532992102
632,822,0.01726767746915137
892,1378,0.017267708410200318
32,1404,0.017284726854397622
76,811,0.017309268117703783
728,1032,0.017316304790503473
22,732,0.017347252754452088
35,279,0.017359622281764246
19,991,0.017370058993184827
894,1269,0.01740020615226808
522,573,0.0174159062301883
1138,1255,0.017437632106618146
640,873,0.017476025755025715
591,1273,0.017476995773233493
160,723,0.017490281328743463
212,1390,0.017505102430736386
81,1148,0.01752137871141577
0,215,0.017542858729285335
669,947,0.017565299073194467
598,818,0.017616511062320313
1229,1416,0.017647866877009817
135,150,0.01772632745473599
584,1028,0.017729212194453555
38,1432,0.01774193483972662
163,1360,0.01776159491694663
328,345,0.01777180031539365
442,961,0.01778002892286222
1231,1476,0.017781853696782778
527,1487,0.017795100613711527
133,727,0.017832055946077206
122,215,0.01785799965041279
73,138,0.0179025481254736
209,835,0.01794645539010956
1104,1463,0.01795117677455985
245,735,0.017982480193884695
697,1292,0.018003182527924745
1147,1441,0.018063267061850158
1150,1220,0.018068813086675743
1047,1165,0.018085350002643417
488,568,0.018123340468778733
884,1185,0.01812426710276186
805,1299,0.018149441154041324
1264,1438,0.01816257212315381
205,1019,0.01819176266353237
312,857,0.018195196830071276
746,866,0.01821985287822109
493,1363,0.01822565858260216
208,753,0.018258162301135576
1062,1102,0.018268659110987087
476,518,0.018273402531820828
71,358,0.01827849362646578
490,890,0.018283623483287756
769,1249,0.01830130703367688
728,1195,0.018307100250453144
295,319,0.018312232364272162
487,899,0.01832558715445453
135,947,0.01836366540002936
290,1134,0.018373510850311983
535,1049,0.018397156016344313
800,1065,0.0184195753645481
314,1464,0.018425692817548026
597,1481,0.018463246382336134
321,1035,0.018474095233591847
1225,1247,0.018475538027498076
1110,1186,0.018482510488550485
217,1416,0.018527506526172147
553,673,0.018564349595792153
7,1205,0.01857698099762965
1030,1148,0.01858839502949768
76,1173,0.01859043476212775
235,1362,0.018602076195719783
540,1351,0.01860787313488123
110,1293,0.018621493594919613
49,94,0.018653369924502335
497,691,0.018653851828410017
331,1362,0.018662598107230862
144,592,0.01873788188936009
409,920,0.018744778969899543
386,517,0.01877790417527147
156,457,0.018801172974670103
294,1431,0.01880589871053946
260,1149,0.018821483475454426
898,1050,0.01882216011258152
174,995,0.018837512832659203
60,721,0.018857342502184966
613,925,0.018874823658210745
313,1102,0.018885117609670116
194,467,0.018893683538667716
654,833,0.018920437352566457
478,1436,0.01895267778540935
534,1217,0.018953194908786584
598,1457,0.019013473334167662
1044,1116,0.019049118990178582
178,837,0.019052436591325526
62,405,0.019061632386722534
676,795,0.01906324559127404
401,1043,0.019071972009063402
67,1497,0.019087612302242186
1045,1472,0.01909733209612814
309,1089,0.01912214205783918
713,1483,0.019138918896029866
641,1467,0.019191301583635387
586,1340,0.01919473937881736
40,366,0.019219762956585857
97,670,0.01923499548756786
188,340,0.019243906837523462
9,1234,0.019248317820854004
483,826,0.019274462042211223
1236,1259,0.01928128515776639
181,480,0.01934700996851992
1242,1408,0.019352318733919842
174,242,0.019353416592598694
65,1038,0.01935471662326347
667,1308,0.019360187793993438
770,1069,0.01936373028234587
939,1206,0.01937323658622708
1057,1292,0.0193922765709067
418,596,0.019399775306127822
511,976,0.01946425570503695
561,1058,0.019516284816790658
406,1071,0.01952456146006419
175,207,0.019526883545962694
1223,1401,0.019541000768063324
587,1186,0.019617794545068387
403,1042,0.01962243231121579
483,1385,0.019636103304255186
722,1023,0.019678502790173375
320,1271,0.019721019007837143
1371,1374,0.01972190858131902
151,1381,0.01979096946354279
1333,1466,0.019792710822469133
553,1398,0.019828398974567056
547,1294,0.019862825410463407
255,629,0.019874677697436005
157,945,0.01988153221711632
702,988,0.01989144932147924
609,765,0.01989500839887211
168,1261,0.0199088002570474
993,1167,0.01994348428637529
82,311,0.01994895648934751
528,1053,0.019972582732885203
1091,1277,0.019982276302895455
623,1076,0.019994787859887574
877,1144,0.01999768101491551
288,1434,0.02000948838953067
388,1246,0.020019597354738995
567,1302,0.020029107175621008
140,1367,0.020032650607060616
978,1114,0.020045638756109513
105,1123,0.02014995226214715
520,1437,0.020162293258969875
487,1485,0.02017043501840787
985,1296,0.02018498174674755
719,765,0.020202537444299284
481,1146,0.02021989511079465
331,1197,0.020232248203102078
751,1367,0.020254401091453312
259,787,0.020268234782847363
291,918,0.020274154683881336
763,1241,0.020285529034655622
444,455,0.020286268533948652
855,1057,0.02029479783094677
374,1169,0.020302819301371466
459,1395,0.020310844340621158
153,1465,0.020393363275058963
558,646,0.0204444086760777
557,1170,0.02045447788228396
532,867,0.02050042794593684
199,263,0.020519666508650634
590,1018,0.02054229802482917
154,511,0.020545169656300072
220,762,0.02056025053541812
131,1327,0.020587001279541977
113,853,0.020609769807861673
44,436,0.020615153896127388
924,1249,0.020629942989550988
46,1269,0.0206658328894226
154,1207,0.020694241487886757
429,1124,0.020696010547587584
120,368,0.020757638225603475
132,173,0.02078125306532551
379,459,0.020809366769464637
1151,1481,0.02081430372375311
1090,1314,0.020846945435425594
29,1088,0.02090713439662267
621,1084,0.020948537455937586
519,1457,0.020966206843195948
793,1179,0.020987618383050567
173,713,0.021059262599830212
57,411,0.02107649345929644
487,754,0.021078177497054394
1420,1441,0.021132790214635554
113,551,0.02117525738435058
253,567,0.021176508395178456
5,423,0.021197041964024322
968,1230,0.021252430700609306
1303,1342,0.021288924838354945
43,1454,0.02129000456381664
819,958,0.021340424077690007
1174,1258,0.021343455918262238
546,603,0.02134394259451865
76,623,0.02134786306490592
677,1162,0.02135821929312358
1153,1173,0.021379725056321307
882,913,0.02138868145882368
112,1262,0.021402824892539682
134,1334,0.021407176172249565
886,1471,0.02143035623191094
359,1370,0.02144873783933646
1095,1467,0.02146778964540731
242,274,0.02147456370411296
47,1014,0.02147495174383856
583,666,0.02149362813769309
1404,1434,0.02149805983357937
771,783,0.02152302502428248
337,969,0.021548432985322722
226,404,0.02155221145834197
219,1227,0.021583587322401735
300,1213,0.02160420652479385
876,1241,0.02160661693086398
677,799,0.021630745196214357
150,320,0.021655486388834574
1072,1277,0.021660338192174753
148,1300,0.021667514444721887
99,923,0.02167265441143902
355,820,0.021681177018276186
688,1450,0.0217151891142356
1485,1498,0.021725629827964332
1036,1270,0.021771005069618078
658,1307,0.0218104417734037
148,689,0.021822408528947363
307,1269,0.021853104161153263
55,968,0.021882709482725228
338,1286,0.021890933597661182
65,165,0.021907235921239998
1130,1496,0.021931684174008686
794,1025,0.021940541660898594
377,1009,0.021950228033686736
488,498,0.022008399265326696
996,1491,0.02205037786581705
121,1325,0.022072042002170666
18,1058,0.022078297315893763
859,1055,0.02209027876515925
962,1443,0.022092811333341424
418,1013,0.022093761022952126
268,1033,0.022095813998264834
101,1290,0.022109529167893476
1040,1295,0.02212205535173013
846,1006,0.022149042286367798
525,675,0.02214963728296013
1164,1447,0.022150290172663834
727,820,0.02215920669083464
422,1486,0.02216582187196079
712,853,0.02216704427107626
224,537,0.022196494238327355
429,1354,0.022225598581144715
738,1052,0.022246382161474055
788,1181,0.022252395968448115
295,670,0.022259560520897437
204,936,0.022262770924085025
542,1390,0.022294789889214666
435,1143,0.02229681485904319
963,966,0.022302387764426196
616,908,0.022303744184265197
94,989,0.02230706341096453
817,903,0.022324653284050498
231,344,0.02232815797158111
387,1337,0.022333616883749602
401,1132,0.022340195148887947
1001,1038,0.022349623251513843
798,1000,0.022352114503693555
1303,1417,0.022386556177817065
646,1242,0.022420902885618616
916,1248,0.022423353205965224
9,420,0.022445677912802893
755,1228,0.02250053567564233
110,591,0.02252042715503753
1425,1430,0.022531570490606147
448,1078,0.022542368394941226
37,234,0.022562796426914507
58,1037,0.022567704913555812
586,1410,0.02257334702947789
775,1309,0.02257513673602575
197,1484,0.022581009481834904
827,1288,0.02259704281851994
543,1051,0.022608294694409333
648,845,0.02266458865199294
766,1243,0.022690580566605473
614,1199,0.02270171519421188
369,451,0.022724596078056436
1107,1313,0.022751858179516145
1326,1366,0.02275367707876742
539,1149,0.02276251262945977
438,462,0.022764975555301086
265,982,0.02279594209451817
244,333,0.022857865164425336
79,178,0.022862900672056808
380,1006,0.022901254470479665
283,771,0.022908490203459884
1319,1349,0.02292922856278021
609,1289,0.022935911907136848
393,1433,0.02294244451505122
700,1357,0.022955357328404365
463,594,0.02296029182997398
633,1242,0.02296979163183618
407,464,0.023026743720874845
27,871,0.023175310734293186
415,1039,0.023191632769205165
47,519,0.02324372337027526
179,999,0.02329891165793537
42,905,0.02331179756606502
944,1040,0.023353014702121398
421,1277,0.02338147788512222
880,1239,0.023388809145567062
141,304,0.023428610833115135
379,510,0.023433638796089874
128,612,0.02349384612183833
31,263,0.023507507702080425
205,277,0.023511349109549586
43,678,0.023522044338351474
216,1029,0.023527184177905402
887,1101,0.023532596946241505
171,955,0.02362024018845952
954,1387,0.023648978011560014
177,275,0.02369041737995511
658,1287,0.023695764620999413
25,217,0.023706660485305543
51,315,0.023715362597469366
104,821,0.023723244532533813
884,1118,0.023740520541553206
538,948,0.023744902408103855
20,882,0.023748517840586795
274,824,0.023756573538062965
96,1325,0.023788211426466196
961,1470,0.023809261614364217
37,928,0.02381332510048088
289,604,0.023823034887143112
642,1272,0.023835902102209858
1008,1114,0.0238798385333947
28,1336,0.02388281260432735
134,1486,0.02391092726202731
557,924,0.023999705419672814
975,1403,0.024009706166514926
707,914,0.02401600621403031
474,959,0.024027349920801203
649,1107,0.024038576636655696
154,838,0.024093387374544285
120,578,0.024096602833398012
1088,1406,0.02411321754400323
840,962,0.02413196903946402
860,979,0.024167014195499065
454,641,0.024173071691396552
200,1059,0.024177776495165827
348,1119,0.024187027027086003
37,898,0.024224115994495334
1045,1093,0.024249936149221024
843,953,0.024282604043363184
338,1284,0.02428431135039762
187,1479,0.024287777363409507
1082,1452,0.02431326387194421
102,990,0.024348030925959822
371,1320,0.024370651030205255
61,1280,0.02440335056095284
219,400,0.024424143329052135
594,1474,0.024440301562310338
460,814,0.024464407870194136
883,1158,0.024491830287080102
1065,1275,0.024517876292404935
462,684,0.024518120760720533
251,1189,0.02452279182214153
621,1322,0.024557255078133427
1010,1087,0.024562972919672573
161,1102,0.024608707074751865
328,543,0.02461946912346547
1079,1179,0.02464709193465153
120,551,0.02468217504255581
1017,1252,0.024693364872035082
1059,1226,0.024713146967571056
152,241,0.02471474502848592
885,1150,0.024724865572530275
114,791,0.024783818815879627
793,914,0.024791195610821173
283,297,0.024810211214863615
866,903,0.024815283045424918
949,1355,0.024819056007199247
875,1215,0.02484596117567012
783,1046,0.024856529056759988
496,1113,0.02485843246708728
15,1334,0.024865956615488145
312,359,0.02486622440183824
877,1444,0.02490999891055834
307,403,0.02491857604879703
604,624,0.02495576966531119
1109,1145,0.02496983965303245
249,485,0.024982101763555926
536,1291,0.025002214950538396
211,1177,0.02500666537617138
1010,1431,0.02506789805169965
147,1108,0.025091265590594988
1158,1206,0.025097749855968708
934,1100,0.025105853348279417
636,781,0.025162157638180818
85,97,0.025180413874662792
296,1159,0.02518779838884164
517,984,0.02519507115208288
362,833,0.025197636229286363
555,1252,0.025214413985611556
791,1223,0.025220264380939016
184,999,0.025226600661225618
359,581,0.025242407230930908
428,858,0.02536124460609532
449,613,0.02538352308878694
413,620,0.025422197702449485
251,994,0.02543759243885961
594,701,0.02545089753788245
277,1256,0.02551647652063647
303,1160,0.025527577858538167
186,1461,0.02552818675262674
302,353,0.02553822368321708
237,1469,0.02557733697636742
197,466,0.025590486719628755
718,931,0.025615760817172796
352,531,0.025627812967902314
1369,1390,0.02563489671420533
406,536,0.025638723913446543
666,1445,0.0256523390168378
31,168,0.025659838113090142
955,1287,0.025660959892704636
81,225,0.02566461701880422
90,1392,0.025674202171845004
98,869,0.02567743639424031
888,1479,0.025727566971796546
207,1274,0.02573969373763889
1064,1473,0.025757420314825703
75,1187,0.025764401880905053
1016,1271,0.025774043727055527
85,649,0.02578628708426935
324,1280,0.025791426936315424
236,239,0.025835911698176516
153,923,0.02585621394285283
813,1097,0.025886584771665624
277,1405,0.02590222460914432
692,1338,0.025910296576389196
1101,1435,0.025932160328482244
1108,1179,0.025949528551271212
398,1005,0.025951278860822297
757,1017,0.025969393221317524
46,738,0.02597439553964474
408,811,0.02602489773974022
346,1441,0.026026279926822563
823,841,0.026041083724341055
1276,1278,0.026054181338926168
28,202,0.026056803053152694
23,175,0.026069592121431152
1252,1311,0.026070971198211175
911,932,0.026081319574943602
414,977,0.026090056597422293
727,922,0.026096193982328077
190,353,0.026096931164334335
301,587,0.026109828946811176
129,1324,0.026116777936329043
28,153,0.026131290532194696
48,142,0.026181714627756127
789,1172,0.026186695118980575
139,849,0.026218015711661366
216,609,0.026244180692380055
579,915,0.026248095136960543
724,989,0.026260461740807352
1051,1446,0.02626210514087397
626,795,0.02628644131522846
6,230,0.026329962368872386
526,1293,0.026348872481674713
196,1070,0.0263635205670843
416,1077,0.026366512545763547
868,1153,0.026382591916902568
225,500,0.02641185827612344
133,791,0.026457647103934636
657,1152,0.026493586309522928
27,45,0.026531827417004352
460,848,0.026599194369153017
481,830,0.02661780174533111
1149,1320,0.02665331507783222
170,866,0.02665429719369698
652,1099,0.026670180163574652
240,1421,0.0267162617586892
204,274,0.0267220171748406
601,1442,0.02678076325155881
541,741,0.026788608744532823
43,827,0.026812826914625127
83,700,0.026846781824261177
23,340,0.026853825334589188
131,693,0.026892859951556995
430,1468,0.026965417966311682
7,778,0.026966960833078552
1373,1495,0.027036571934506044
455,1113,0.027047195846451568
194,349,0.027062630860644945
1049,1294,0.027136830278340313
1424,1483,0.027170221133159905
240,512,0.027182257941003835
510,927,0.027211290164031107
3,201,0.027230794375919416
262,1439,0.02724533811100677
445,864,0.0273139935333773
444,631,0.0273278237642217
151,1143,0.027340769409352948
410,1111,0.027360180206589958
1137,1393,0.027409108778142146
93,478,0.027445764511709984
781,1470,0.027483148977527114
210,647,0.027489334888966287
1136,1469,0.027510953844379793
1012,1451,0.027516699655534698
42,210,0.02752492506633904
1159,1178,0.027557755336072673
387,1489,0.027579173851353257
710,1346,0.027588335367762482
15,223,0.027626591220981152
164,663,0.02763470365912358
468,997,0.02764279082505028
89,622,0.027657250048006232
749,1099,0.027664843085272842
471,512,0.027680855421496658
358,371,0.027691503505281757
111,383,0.027713016474721908
327,1318,0.027746936831954106
1043,1347,0.027790696784702845
268,1423,0.027801757678231797
996,1213,0.027855627367934187
1081,1260,0.027915448107586706
122,545,0.027924075328434526
293,1119,0.028031127645349062
1122,1415,0.028057713208901068
442,957,0.028084248787533926
91,1316,0.02811874498642751
157,633,0.028138773717530687
147,669,0.028268628775105036
88,695,0.028330432690906376
4,865,0.028339779259635215
436,626,0.02834261164047167
412,824,0.02840213813502086
424,900,0.028404396147043143
1071,1217,0.028432290705777623
36,950,0.028457019982943935
760,1155,0.028466366088061232
952,1074,0.02847044572048659
452,1177,0.028539653279724568
190,502,0.02859887462616325
550,1479,0.02860109235709011
634,965,0.028608801854605174
420,1165,0.028616188033915992
214,1381,0.028643846029020276
235,1281,0.028648201866790877
292,368,0.028712988291168057
370,1239,0.028740903789119854
911,1021,0.028793777026555407
11,114,0.02879397070898844
834,1403,0.028798293278828362
132,1380,0.028833999572954974
983,1188,0.02884946090584026
400,1206,0.028875243888466916
222,377,0.028909153433987433
399,998,0.02892604738894572
859,963,0.028940761125615017
432,548,0.028948524965007716
844,887,0.02901653876257046
324,513,0.029018147192094848
96,785,0.029075078332609017
75,1282,0.029086034712628637
127,743,0.02909568606677441
159,161,0.029096374697898834
975,1180,0.029135503240443398
370,1425,0.029191398582621098
101,344,0.029221371478426236
241,799,0.029255143618896418
31,278,0.029284237350756016
111,116,0.029407269895446956
167,1047,0.029462964961500276
339,734,0.029494289631638825
744,1200,0.029525507816419376
631,805,0.029535199075321428
128,1254,0.02954310544027904
1480,1482,0.029572903373955982
298,1146,0.02958772903829724
469,678,0.02960385911920586
332,651,0.02962404741341539
119,525,0.02968581724015931
62,1200,0.029814297358902515
436,1144,0.029829291380325862
992,1397,0.02983858493082119
1453,1481,0.029844734509405797
247,352,0.02986166339939474
318,513,0.029879822378319532
8,198,0.029965798186615725
205,1395,0.029966626487315576
637,1462,0.030001662409834845
309,1055,0.030028242091202362
1313,1380,0.03003118269193566
143,632,0.030073255642311288
528,545,0.030083549101166705
184,1426,0.030084548991657824
583,704,0.03012244183068553
109,1267,0.03012498578860201
73,1348,0.030136935456812945
810,941,0.030153960033043256
396,729,0.030269906373563995
306,850,0.030285704640043706
316,1324,0.030307327234416943
413,907,0.030326381223533178
99,681,0.030333805932113597
1353,1494,0.030337975716967093
186,1499,0.030376203965234588
427,766,0.030403426528221842
1006,1405,0.03042770736560443
471,767,0.03053678581301566
457,532,0.03058698901763165
104,808,0.03059063386865956
534,1110,0.03060752599189813
1444,1492,0.03060906035368148
398,826,0.030707048545513402
236,276,0.03074500766283675
182,952,0.03074692625825793
428,667,0.030748934099226875
477,1446,0.03080565218358321
367,530,0.03085631419564517
247,871,0.030886683287199245
1116,1352,0.03091054114031109
801,1151,0.03095552074712261
692,943,0.030979029028946642
245,661,0.030981569843106283
392,1238,0.030991031417699502
343,1493,0.031034647836501318
288,883,0.031043851142023075
611,1449,0.031059665952244186
96,285,0.03106268536628934
374,445,0.031082445997416008
683,1121,0.031126289068710532
874,982,0.031163098608257635
454,933,0.031177302124031536
200,977,0.03120649470259472
14,1014,0.03129799787080439
5,1096,0.031332088137670265
590,1317,0.031362965345951524
616,1319,0.03138901939142791
912,1241,0.03141968249122619
735,1333,0.031433449608435075
417,855,0.03144922337206836
599,732,0.03145928030182961
24,100,0.03148864818803089
659,1318,0.031564367695232645
1182,1466,0.03163971046740143
298,689,0.03166851113703919
503,1183,0.03167254969000098
300,1043,0.03169385970477432
254,708,0.03170840012347782
1447,1488,0.03194546131732404
108,874,0.03200332037498294
899,1282,0.0320763397641029
980,987,0.03209597107152084
272,1268,0.03210437143219512
255,355,0.03211546117932722
946,1053,0.032238138897129655
862,1024,0.032264450103429626
354,663,0.03227649823989614
360,537,0.03244625649365295
475,1320,0.032454829786016784
346,1049,0.03252134395414185
663,1494,0.03264590152772064
144,665,0.03266754843955647
467,585,0.032710031462477356
206,555,0.03273961932535548
40,317,0.03276723820249372
38,1166,0.03282686683011987
312,1439,0.03283411155327956
492,1322,0.032855208140432496
722,802,0.03286400692269623
1348,1420,0.03294966867861379
666,1475,0.03298719461343442
937,1266,0.03304207241783487
342,559,0.03305220063416256
581,652,0.033134934069143904
122,311,0.033140801851560764
77,559,0.03316402326435209
470,652,0.033175619080145484
243,425,0.03317968401646188
1263,1373,0.03319530194727589
1087,1246,0.033207511319820034
42,832,0.03321327276529831
970,1211,0.03322965862520935
10,585,0.0332903289959216
606,1339,0.03329127340090736
856,1089,0.03332067635470755
127,225,0.03337416557701684
907,1029,0.03340976869709962
845,963,0.033461979272094516
696,1126,0.03346351176784696
860,1008,0.03351915191364533
610,687,0.033570815928584526
580,781,0.03361064312680068
845,1388,0.03362497599760013
182,1014,0.03363962859211469
6,1382,0.03374821980542139
416,1333,0.0338277682944397
385,1164,0.03388984990085113
543,1374,0.03392179434039446
2,210,0.03397791133381418
1394,1443,0.03400195556799271
702,783,0.034080520836547355
895,1118,0.03408679896538302
162,559,0.03413445129996431
89,945,0.03426283912738811
937,1228,0.03429631494570503
921,1048,0.03432978132851494
690,1167,0.0343334780697483
708,782,0.0343723958328228
954,969,0.034403073139638224
792,1286,0.03440363181319816
937,1369,0.03442146750222409
9,1312,0.034477907952117914
12,372,0.03452983779681343
747,1207,0.03473577920450864
180,566,0.03490465255221532
393,1000,0.03503308077842438
207,921,0.035091333950099085
318,1304,0.03513272752993573
323,1322,0.0351955271144357
389,561,0.03525849055382066
276,288,0.03534804674739079
750,1190,0.035381039443810026
654,1066,0.03547846689832785
710,930,0.035497164096830534
548,1099,0.03549898518071531
306,1162,0.03558850694679626
792,872,0.03572207049498501
1086,1201,0.03575657898216574
402,456,0.035817721107950236
550,687,0.035930464460218685
106,1394,0.03593644462000832
1247,1251,0.036266200112850804
194,872,0.03632967928076388
316,1332,0.03633187799978281
364,610,0.036356505864527384
82,491,0.0364437834691107
1265,1426,0.036459694823510434
393,608,0.03657223563772799
13,252,0.03659685582944137
53,243,0.03670843953297383
722,741,0.03671470922673561
59,642,0.036742725658014064
676,1083,0.03674442573245244
372,374,0.03700145224539769
590,997,0.03701947987214289
1054,1298,0.03705482541032999
893,1218,0.03705824971383402
904,1002,0.037122040415175306
186,233,0.03714385007228406
549,1451,0.037204741260343496
19,692,0.03720885564152184
52,1489,0.037356829596263325
402,645,0.03736697163697137
686,795,0.037473109555529314
39,382,0.03757057234362058
118,1378,0.037619158710344346
220,681,0.03777163751306932
768,978,0.03790013501585279
149,515,0.0379024152748369
34,1087,0.03810982880033835
4,395,0.038133202478371125
387,874,0.038268421354385324
130,1422,0.03830064938034101
490,706,0.03854233323878213
8,978,0.03854468309855618
417,1199,0.038673488218135356
310,789,0.038677557825338486
758,792,0.03882387884650228
250,392,0.03886669235342644
90,1003,0.03909404001345577
48,868,0.03910331281064765
449,1210,0.03913229073816392
1215,1384,0.039172878406511825
1254,1296,0.03933717519001055
516,1209,0.0394073085838768
759,1214,0.039549372663797856
364,635,0.03971966144692207
583,739,0.03980166038238685
796,1075,0.039957558540132256
26,417,0.039975768988798135
529,1449,0.04009748856275443
655,1192,0.04052364188776088
674,774,0.04057751584051546
64,1194,0.0405892250076774
708,1283,0.040755764288175574
190,566,0.04089856275309334
244,578,0.041034493742132985
224,897,0.04106596405071041
389,740,0.0411002689664761
803,1247,0.041107212446663315
75,146,0.041178148306433134
221,1387,0.041272723284524755
541,1471,0.04130941290590243
273,395,0.04177288501627876
27,514,0.04184685842130349
264,724,0.04204070668032821
126,1346,0.04224318622895997
448,476,0.04240198195469154
549,1134,0.04246450923615304
158,1178,0.0424750362725996
356,1106,0.042559522523579085
971,1466,0.04296651305132509
699,1428,0.043014209811248226
642,940,0.04307906090412953
351,629,0.043130348860917815
70,515,0.04327927726792144
356,620,0.043528599405097165
296,1283,0.0435753581436905
2,1275,0.04358862442641773
163,560,0.043667728897122504
683,771,0.043692538762748555
15,638,0.04388355646015847
366,1078,0.04410470094645751
39,844,0.04437993368388576
397,831,0.044402539941111846
305,439,0.04442456033464676
378,994,0.044510132749753385
149,1075,0.044584375296298474
1004,1176,0.04477493771188603
1198,1324,0.044784728193250134
325,486,0.04484987740125491
1133,1210,0.044866166096721914
254,1412,0.04492054080236008
1085,1154,0.044995971309549465
1069,1070,0.045265026945405254
638,1232,0.045360454560343454
36,458,0.045481884688120415
680,1456,0.045753991301740925
498,1429,0.04582567435782441
172,392,0.04585911124452
347,864,0.04611841821345437
442,1168,0.04620080215825053
1131,1133,0.04627932382922201
396,773,0.04638581070211485
1414,1434,0.046396836678981264
156,1440,0.046396838935708305
733,913,0.046494406664509574
30,544,0.04663390130913102
1091,1196,0.04671601745461952
252,680,0.04686405742867475
41,942,0.04704404358998661
816,1321,0.04735033170175825
33,1278,0.047536193763950865
472,1263,0.04763665728964107
30,357,0.04768951919440926
308,808,0.04777160492472352
612,672,0.04795630976760345
252,480,0.04818169207996904
577,1075,0.04855454406636048
319,1301,0.04872984929983963
397,1066,0.049037758432540754
251,396,0.04927549796140758
271,492,0.05153325812072431
834,1323,0.05209532484430176
506,1225,0.05215417029603504
382,1193,0.052628202239425374
565,774,0.05269206167838593
1263,1478,0.053386186964682954
875,1044,0.0539049671274449
472,717,0.05393122027474045
562,969,0.05399818596664577
851,876,0.05404178984037074
861,1020,0.05551239507208295
342,972,0.05615201453833881
82,1191,0.05618319144909894
773,1027,0.05699998077339081
258,428,0.05736180742294986
130,409,0.059406121109889715
472,948,0.059740513178757546
291,1340,0.06000063626363685
183,577,0.06018063099472728
832,1037,0.06036311001725289
261,983,0.060434457084601614
656,1246,0.06086835254700985
95,731,0.06144625389532515
402,1328,0.06201449567541894
580,664,0.06254430040041162
221,1331,0.06270953563706706
739,920,0.06297721222099216
780,1405,0.06297932804136926
1134,1345,0.06315102971703836
797,1083,0.06400725739174415
715,1026,0.06477315315347933
902,1440,0.06784582753740098
261,563,0.07258315313210931
1007,1499,0.07747528281965328
910,1281,0.08470941047775499
815,850,0.08476991666888913
138,1493,0.08650377365213148
685,925,0.08665674393558452
66,439,0.08751886847455984
176,1321,0.10075961088020781
1372,1384,0.1482187370874922
299,538,0.30010289002837226
